Object Title,Date of Production,Theater Company,Playwright,Location,Description,ID,Language,Rights,Subject,Digital Collection,Type,Format,Play Title,Genre,Notes
Forever and Forever.,07-22,"Barter Theatre (Organization : Abingdon, Va.)","Savage, Courtney","Virginia, Washington, Bristol","This is a poster advertising the production of Forever and Forever by the Barter Theater Company which was performed at Virginia High School in Bristol, Virginia.",BTR_BTR_000420,eng,"http://rightsstatements.org/vocab/InC-EDU/1.0/; The original object is the property of the Barter Theatre in Abingdon, VA (https://www.bartertheatre.com/). This digital surrogate is made publicly available by the Barter Theatre for use in research, teaching, private study, and other educational purposes. Responsibility for any use of these materials rests exclusively with the user. When using this item, users should give proper credit to the owner of the original object as well as to Virginia Tech Libraries.","Theater, Theaters--Virginia, Theatrical posters",The Barter Theater Collection,Still Image,image/jpeg,,Performing arts posters,
March Hares94,07-10,"Barter Theatre (Organization : Abingdon, Va.)","Gribble, Harry Wagstaff, 1896-1981","Virginia, Rockingham, Linville","This is a poster advertising the production of March Hares by the Barter Theater Company which was performed at Eseelola Club House in Linville, Virginia",BTR_BTR_000423,eng,"http://rightsstatements.org/vocab/InC-EDU/1.0/; The original object is the property of the Barter Theatre in Abingdon, VA (https://www.bartertheatre.com/). This digital surrogate is made publicly available by the Barter Theatre for use in research, teaching, private study, and other educational purposes. Responsibility for any use of these materials rests exclusively with the user. When using this item, users should give proper credit to the owner of the original object as well as to Virginia Tech Libraries.","Theater, Theaters--Virginia, Theatrical posters",The Barter Theater Collection,Still Image,image/jpeg,,Performing arts posters,
Twelfth Night,08-21,"Barter Theatre (Organization : Abingdon, Va.)","Shakespeare, William, 1564-1616","Tennessee, Washington, Johnson City","This is a poster advertising the production of Twelfth Night by the Barter Theater Company which was performed at Johnson City Jr. High School in Johnson City, Tennessee",BTR_BTR_000432,eng,"http://rightsstatements.org/vocab/InC-EDU/1.0/; The original object is the property of the Barter Theatre in Abingdon, VA (https://www.bartertheatre.com/). This digital surrogate is made publicly available by the Barter Theatre for use in research, teaching, private study, and other educational purposes. Responsibility for any use of these materials rests exclusively with the user. When using this item, users should give proper credit to the owner of the original object as well as to Virginia Tech Libraries.","Theater, Theaters--Virginia, Theatrical posters, Shakespeare, William, 1564-1616--Dramatic production",The Barter Theater Collection,Still Image,image/jpeg,,Performing arts posters,Notable Director: Robert Porterfield
The Hasty Heart,08-29,"Barter Theatre (Organization : Abingdon, Va.)","Patrick, John, 1905-1995","Tennessee, Sullivan, Kingsport","This is a poster advertising the production of The Hasty Heart by the Barter Theater Company which was performed at Kingsport Jr. High auditorium in Kingsport, Tennessee",BTR_BTR_000434,eng,"http://rightsstatements.org/vocab/InC-EDU/1.0/; The original object is the property of the Barter Theatre in Abingdon, VA (https://www.bartertheatre.com/). This digital surrogate is made publicly available by the Barter Theatre for use in research, teaching, private study, and other educational purposes. Responsibility for any use of these materials rests exclusively with the user. When using this item, users should give proper credit to the owner of the original object as well as to Virginia Tech Libraries.","Theater, Theaters--Virginia, Theatrical posters",The Barter Theater Collection,Still Image,image/jpeg,,Performing arts posters,
Virginia Highlands Festival of Arts and Crafts,07-24/08-15,"Barter Theatre (Organization : Abingdon, Va.)",,"Virginia, Washington, Abingdon","This is a poster advertising the Virginia Highlands Festival hosted by the Barter Theater in Abingdon, Virginia",BTR_BTR_000441,eng,"http://rightsstatements.org/vocab/InC-EDU/1.0/; The original object is the property of the Barter Theatre in Abingdon, VA (https://www.bartertheatre.com/). This digital surrogate is made publicly available by the Barter Theatre for use in research, teaching, private study, and other educational purposes. Responsibility for any use of these materials rests exclusively with the user. When using this item, users should give proper credit to the owner of the original object as well as to Virginia Tech Libraries.","Art festivals, Painting, Music festivals, Posters",The Barter Theater Collection,Still Image,image/jpeg,,Posters,
Book of Job,08/29,"Barter Theatre (Organization : Abingdon, Va.)",,"Virginia, Washington, Abingdon","This is a poster advertising the production of Book of Job by the Barter Theater Company which was performed at the Stonewall Building in Abingdon, Virginia. This was a Special Sunday Benefit Performance for March of Dimes",BTR_BTR_000443,eng,"http://rightsstatements.org/vocab/InC-EDU/1.0/; The original object is the property of the Barter Theatre in Abingdon, VA (https://www.bartertheatre.com/). This digital surrogate is made publicly available by the Barter Theatre for use in research, teaching, private study, and other educational purposes. Responsibility for any use of these materials rests exclusively with the user. When using this item, users should give proper credit to the owner of the original object as well as to Virginia Tech Libraries.","Bible plays, Theater, Theaters--Virginia, Theatrical posters, March of Dimes",The Barter Theater Collection,Still Image,image/jpeg,,Performing arts posters,
1947 Premier ,1947-06-09/1947-06-14,"Barter Theatre (Organization : Abingdon, Va.)","Krasna, Norman, Wood, Henry, Mrs., 1814-1887","Virginia, Washington, Abingdon",This is a poster advertising the a double feature of John Loves Mary and East Lynne by the Barter Theater Company which was performed at The Barter Theater,BTR_BTR_000445,eng,"http://rightsstatements.org/vocab/InC-EDU/1.0/; The original object is the property of the Barter Theatre in Abingdon, VA (https://www.bartertheatre.com/). This digital surrogate is made publicly available by the Barter Theatre for use in research, teaching, private study, and other educational purposes. Responsibility for any use of these materials rests exclusively with the user. When using this item, users should give proper credit to the owner of the original object as well as to Virginia Tech Libraries.","Theater, Theaters--Virginia, Theatrical posters",The Barter Theater Collection,Still Image,image/jpeg,"John Loves Mary, East Lynne",Performing arts posters,Notable Director: Robert Porterfield
Virginia Highlands Festival,1954-08-01/1954-08-15,"Barter Theatre (Organization : Abingdon, Va.)",,"Virginia, Washington, Abingdon","This is a poster advertising the Virginia Highlands Festival hosted by the Barter Theater in Abingdon, Virginia",BTR_BTR_000446,eng,"http://rightsstatements.org/vocab/InC-EDU/1.0/; The original object is the property of the Barter Theatre in Abingdon, VA (https://www.bartertheatre.com/). This digital surrogate is made publicly available by the Barter Theatre for use in research, teaching, private study, and other educational purposes. Responsibility for any use of these materials rests exclusively with the user. When using this item, users should give proper credit to the owner of the original object as well as to Virginia Tech Libraries.","Art festivals, Painting, Music festivals, Posters",The Barter Theater Collection,Still Image,image/jpeg,,Posters,
The 40th Season,1972-04,"Barter Theatre (Organization : Abingdon, Va.)",,"Virginia, Washington, Abingdon",This is a poster advertising the 40th season at the Barter Theater,BTR_BTR_000456,eng,"http://rightsstatements.org/vocab/InC-EDU/1.0/; The original object is the property of the Barter Theatre in Abingdon, VA (https://www.bartertheatre.com/). This digital surrogate is made publicly available by the Barter Theatre for use in research, teaching, private study, and other educational purposes. Responsibility for any use of these materials rests exclusively with the user. When using this item, users should give proper credit to the owner of the original object as well as to Virginia Tech Libraries.","Theater, Theaters--Virginia, Theatrical posters, Advertising postcards",The Barter Theater Collection,Still Image,image/jpeg,,"Posters, Postcards",
"Closed for Winter, 42nd Season",1974-04-01,"Barter Theatre (Organization : Abingdon, Va.)",,"Virginia, Washington, Abingdon",This is a poster announcing that the theater is closed for the winter and advertising the 42th season at the Barter Theater,BTR_BTR_000458,eng,"http://rightsstatements.org/vocab/InC-EDU/1.0/; The original object is the property of the Barter Theatre in Abingdon, VA (https://www.bartertheatre.com/). This digital surrogate is made publicly available by the Barter Theatre for use in research, teaching, private study, and other educational purposes. Responsibility for any use of these materials rests exclusively with the user. When using this item, users should give proper credit to the owner of the original object as well as to Virginia Tech Libraries.","Theater, Theaters--Virginia, Theatrical posters, Advertising postcards",The Barter Theater Collection,Still Image,image/jpeg,,"Posters, Postcards",
"Spring Festival, 46th Season",1978-04-01/1978-06-03,"Barter Theatre (Organization : Abingdon, Va.)","Shakespeare, William, 1564-1616, Christie, Agatha, 1890-1976","Virginia, Washington, Abingdon",This is a poster advertising the Spring Festival where The Two Gentlemen of Verona and The Mousetrap will be performed by the Barter Theater Company at The Barter Theater,BTR_BTR_000461,eng,"http://rightsstatements.org/vocab/InC-EDU/1.0/; The original object is the property of the Barter Theatre in Abingdon, VA (https://www.bartertheatre.com/). This digital surrogate is made publicly available by the Barter Theatre for use in research, teaching, private study, and other educational purposes. Responsibility for any use of these materials rests exclusively with the user. When using this item, users should give proper credit to the owner of the original object as well as to Virginia Tech Libraries.","Theater, Theaters--Virginia, Theatrical posters, Advertising postcards, Shakespeare, William, 1564-1616--Dramatic production",The Barter Theater Collection,Still Image,image/jpeg,,"Posters, Postcards",
The Forty-First Season Summer,1973-08-01/1973-09-03,"Barter Theatre (Organization : Abingdon, Va.)","Lindsay, Howard, 1889-1968, Crouse, Russel, 1893-1966; Williams, Emlyn, 1905-1987; Patrick, Robert, 1937-;","Virginia, Washington, Abingdon",This is a poster advertising the Summer 41st Season where five plays will be performed by the Barter Theater Company at The Barter Theater,BTR_BTR_000463,eng,"http://rightsstatements.org/vocab/InC-EDU/1.0/; The original object is the property of the Barter Theatre in Abingdon, VA (https://www.bartertheatre.com/). This digital surrogate is made publicly available by the Barter Theatre for use in research, teaching, private study, and other educational purposes. Responsibility for any use of these materials rests exclusively with the user. When using this item, users should give proper credit to the owner of the original object as well as to Virginia Tech Libraries.","Theater, Theaters--Virginia, Theatrical posters, Advertising postcards",The Barter Theater Collection,Still Image,image/jpeg,"Life with Father, Night Must Fall, By Way of Introduction, Collison Course, Who Am I?","Posters, Postcards",
Barter Theater Spring 1974,1974-05-03/1974-06/01,"Barter Theatre (Organization : Abingdon, Va.)","Shaw, Bernard, 1856-1950; Molière, 1622-1673","Virginia, Washington, Abingdon",This is a poster advertising the Spring 1974 season where Candia and Scapin will be performed by the Barter Theater Company at The Barter Theater,BTR_BTR_000465,eng,"http://rightsstatements.org/vocab/InC-EDU/1.0/; The original object is the property of the Barter Theatre in Abingdon, VA (https://www.bartertheatre.com/). This digital surrogate is made publicly available by the Barter Theatre for use in research, teaching, private study, and other educational purposes. Responsibility for any use of these materials rests exclusively with the user. When using this item, users should give proper credit to the owner of the original object as well as to Virginia Tech Libraries.","Theater, Theaters--Virginia, Theatrical posters, Advertising postcards",The Barter Theater Collection,Still Image,image/jpeg,"Candida, Scapin","Posters, Postcards",
The Forty-First Season Fall,1973-09-04/1973-09-30,"Barter Theatre (Organization : Abingdon, Va.)","Gilroy, Frank D. (Frank Daniel), 1925-2015, Patrick, Robert, 1937-;","Virginia, Washington, Abingdon",This is a poster advertising the Fall 41st Season where three plays will be performed by the Barter Theater Company at The Barter Theater,BTR_BTR_000467,eng,"http://rightsstatements.org/vocab/InC-EDU/1.0/; The original object is the property of the Barter Theatre in Abingdon, VA (https://www.bartertheatre.com/). This digital surrogate is made publicly available by the Barter Theatre for use in research, teaching, private study, and other educational purposes. Responsibility for any use of these materials rests exclusively with the user. When using this item, users should give proper credit to the owner of the original object as well as to Virginia Tech Libraries.","Theater, Theaters--Virginia, Theatrical posters, Advertising postcards",The Barter Theater Collection,Still Image,image/jpeg,"Candle-Light, The Subject Was Roses, Collision Course","Posters, Postcards",
The Forty-First Season Spring,1973-04-09/1973-06-02,"Barter Theatre (Organization : Abingdon, Va.)","Masters, Edgar Lee, 1868-1950, Shakespeare, William, 1564-1616","Virginia, Washington, Abingdon",This is a poster advertising the Spring 41st Season where Spoon River Anthology and The Comedy of Errors will be performed by the Barter Theater Company at The Barter Theater,BTR_BTR_000469,eng,"http://rightsstatements.org/vocab/InC-EDU/1.0/; The original object is the property of the Barter Theatre in Abingdon, VA (https://www.bartertheatre.com/). This digital surrogate is made publicly available by the Barter Theatre for use in research, teaching, private study, and other educational purposes. Responsibility for any use of these materials rests exclusively with the user. When using this item, users should give proper credit to the owner of the original object as well as to Virginia Tech Libraries.","Theater, Theaters--Virginia, Theatrical posters, Advertising postcards, Shakespeare, William, 1564-1616--Dramatic production",The Barter Theater Collection,Still Image,image/jpeg,"Spoon River Anthology, The Comoedy of Errors","Posters, Postcards",
Bye Bye Birdie,1963,"Barter Theatre (Organization : Abingdon, Va.)","Strouse, Charles. Bye bye Birdie, Adams, Lee, 1924-, Stewart, Michael, 1924-1987","Virginia, Washington, Abingdon",This is a poster for the production of the play Bye Bye Birdie by the Barter Theatre.,BTR_BTR_000471,eng,"http://rightsstatements.org/vocab/InC-EDU/1.0/; The original object is the property of the Barter Theatre in Abingdon, VA (https://www.bartertheatre.com/). This digital surrogate is made publicly available by the Barter Theatre for use in research, teaching, private study, and other educational purposes. Responsibility for any use of these materials rests exclusively with the user. When using this item, users should give proper credit to the owner of the original object as well as to Virginia Tech Libraries.","Theater, Theaters--Virginia, Theatrical posters",The Barter Theater Collection,Still Image,image/jpeg,,Performing arts posters,
Family Portrait,1953-08-10/1953-08-15,"Barter Theatre (Organization : Abingdon, Va.)","Cowen, William Joyce, Coffee, Leonore","Virginia, Washington, Bristol","This is a poster advertising the production of Family Portrait, starring famous actress Judith Anderson at the Intermont Outdoor Theatre, hosted by the Barter Theatre.",BTR_BTR_000473,eng,"http://rightsstatements.org/vocab/InC-EDU/1.0/; The original object is the property of the Barter Theatre in Abingdon, VA (https://www.bartertheatre.com/). This digital surrogate is made publicly available by the Barter Theatre for use in research, teaching, private study, and other educational purposes. Responsibility for any use of these materials rests exclusively with the user. When using this item, users should give proper credit to the owner of the original object as well as to Virginia Tech Libraries.","Theater, Theaters--Virginia, Theatrical posters, Leading ladies (Actresses)",The Barter Theater Collection,Still Image,image/jpeg,,Performing arts posters,Notable Actress: Judith Anderson
World Premiere ,1954-09-15/1957-08-18,"Barter Theatre (Organization : Abingdon, Va.)","Armstrong, Anne, Herbert, F. Hugh (Frederick Hugh), 1897-1958","Virginia, Washington, Abingdon",This is a poster advertising the World Premiere of Granny's Millions and an extended showing of The Moon is Blue by the Barter Theater,BTR_BTR_000474,eng,"http://rightsstatements.org/vocab/InC-EDU/1.0/; The original object is the property of the Barter Theatre in Abingdon, VA (https://www.bartertheatre.com/). This digital surrogate is made publicly available by the Barter Theatre for use in research, teaching, private study, and other educational purposes. Responsibility for any use of these materials rests exclusively with the user. When using this item, users should give proper credit to the owner of the original object as well as to Virginia Tech Libraries.","Theater, Theaters--Virginia, Theatrical posters",The Barter Theater Collection,Still Image,image/jpeg,"Granny's Millions, The Moon is Blue",Performing arts posters,
Thieves' Carnival ,1957-07-15/1957-07-17,"Barter Theatre (Organization : Abingdon, Va.)","Anouilh, Jean, 1910-1987","Virginia, Washington, Abingdon",This is a poster advertising the production of Theives' Carnival by the Barter Theater,BTR_BTR_000475,eng,"http://rightsstatements.org/vocab/InC-EDU/1.0/; The original object is the property of the Barter Theatre in Abingdon, VA (https://www.bartertheatre.com/). This digital surrogate is made publicly available by the Barter Theatre for use in research, teaching, private study, and other educational purposes. Responsibility for any use of these materials rests exclusively with the user. When using this item, users should give proper credit to the owner of the original object as well as to Virginia Tech Libraries.","Theater, Theaters--Virginia, Theatrical posters",The Barter Theater Collection,Still Image,image/jpeg,,Performing arts posters,
A Conversation with Gregory Peck,1998-06-29,"Barter Theatre (Organization : Abingdon, Va.)",,"Virginia, Washington, Abingdon",This is a poster advertising A Conversation with Gregory Peck by the Barter Theater,BTR_BTR_000476,eng,"http://rightsstatements.org/vocab/InC-EDU/1.0/; The original object is the property of the Barter Theatre in Abingdon, VA (https://www.bartertheatre.com/). This digital surrogate is made publicly available by the Barter Theatre for use in research, teaching, private study, and other educational purposes. Responsibility for any use of these materials rests exclusively with the user. When using this item, users should give proper credit to the owner of the original object as well as to Virginia Tech Libraries.","Theater, Theaters--Virginia, Theatrical posters,  Leading men (Actors), Peck, Gregory, 1916-2003",The Barter Theater Collection,Still Image,image/jpeg,,Posters,Notable Actor: Gregory Peck
Judith Anderson Unprocessed News Clippings,1953,"Barter Theatre (Organization : Abingdon, Va.)","Cowen, William Joyce, Coffee, Leonore","Virginia, Washington, Abingdon",These are newspapers clippings regarding the performance of Judith Anderson in Family Portrait hosted by the Barter Theater,BTR_BTR_000478,eng,"http://rightsstatements.org/vocab/InC-EDU/1.0/; The original object is the property of the Barter Theatre in Abingdon, VA (https://www.bartertheatre.com/). This digital surrogate is made publicly available by the Barter Theatre for use in research, teaching, private study, and other educational purposes. Responsibility for any use of these materials rests exclusively with the user. When using this item, users should give proper credit to the owner of the original object as well as to Virginia Tech Libraries.","Theater, Theaters--Virginia, Leading ladies (Actresses), newspaper clippings",The Barter Theater Collection,Still Image,image/jpeg,Family Portrait,newspaper clippings,Notable Actress: Judith Anderson
Cat On A Hot Tin Roof,1959-06-08/1959-08-15,"Barter Theatre (Organization : Abingdon, Va.)","Williams, Tennessee, 1911-1983","Virginia, Washington, Abingdon","This is a poster advertising the production of Tennessee Williams' Cat On A Hot Tin Roof, starring Marcie Hubert and Mitch Ryan",BTR_BTR_000480,eng,"http://rightsstatements.org/vocab/InC-EDU/1.0/; The original object is the property of the Barter Theatre in Abingdon, VA (https://www.bartertheatre.com/). This digital surrogate is made publicly available by the Barter Theatre for use in research, teaching, private study, and other educational purposes. Responsibility for any use of these materials rests exclusively with the user. When using this item, users should give proper credit to the owner of the original object as well as to Virginia Tech Libraries.","Theater, Theaters--Virginia, Theatrical posters, Leading ladies (Actresses), Leading men (Actors)",The Barter Theater Collection,Still Image,image/jpeg,,Performing arts posters,"Notable Actress: Marcie Hubert, Notable Actor: Mitch Ryan"
Visit To A Small Planet,1958-06-16/1958-06-21,"Barter Theatre (Organization : Abingdon, Va.)","Vidal, Gore, 1925-2012","Virginia, Washington, Abingdon",This is a poster advertising the production of Visit To A Small Planet by the Barter Theater,BTR_BTR_000481,eng,"http://rightsstatements.org/vocab/InC-EDU/1.0/; The original object is the property of the Barter Theatre in Abingdon, VA (https://www.bartertheatre.com/). This digital surrogate is made publicly available by the Barter Theatre for use in research, teaching, private study, and other educational purposes. Responsibility for any use of these materials rests exclusively with the user. When using this item, users should give proper credit to the owner of the original object as well as to Virginia Tech Libraries.","Theater, Theaters--Virginia, Theatrical posters",The Barter Theater Collection,Still Image,image/jpeg,,Performing arts posters,
No time for sergeants,1958-06-23/1958-06-28,"Barter Theatre (Organization : Abingdon, Va.)","Levin, Ira, 1929-2007, Hyman, Mac, 1923-1963","Virginia, Washington, Abingdon",This is a poster advertising the production of No time for sergeants by the Barter Theater,BTR_BTR_000482,eng,"http://rightsstatements.org/vocab/InC-EDU/1.0/; The original object is the property of the Barter Theatre in Abingdon, VA (https://www.bartertheatre.com/). This digital surrogate is made publicly available by the Barter Theatre for use in research, teaching, private study, and other educational purposes. Responsibility for any use of these materials rests exclusively with the user. When using this item, users should give proper credit to the owner of the original object as well as to Virginia Tech Libraries.","Theater, Theaters--Virginia, Theatrical posters",The Barter Theater Collection,Still Image,image/jpeg,,Performing arts posters,
Barter Theater of Virginia Drama Festival,06-26/07-07,"Barter Theatre (Organization : Abingdon, Va.)",,"Virginia, Washington, Abingdon",This is a poster advertising a Drama Festival hosted by the Barter Theater with the production of 13 plays over the entirety of the festival.,BTR_BTR_000483,eng,"http://rightsstatements.org/vocab/InC-EDU/1.0/; The original object is the property of the Barter Theatre in Abingdon, VA (https://www.bartertheatre.com/). This digital surrogate is made publicly available by the Barter Theatre for use in research, teaching, private study, and other educational purposes. Responsibility for any use of these materials rests exclusively with the user. When using this item, users should give proper credit to the owner of the original object as well as to Virginia Tech Libraries.","Theater, Theaters--Virginia, Theatrical posters, Drama festivals",The Barter Theater Collection,Still Image,image/jpeg,"Blithe Spirit, My Sister Eileen, State of the Union, Wings Over Europe, The Women, Much Ado Anout Nothing, Virginia Overture, Three Men On A Horse, Arms and the Man",Performing arts posters,
The World Famous Barter Players - 48th Season,1980-06-01/1980-10-12,"Barter Theatre (Organization : Abingdon, Va.)","Kaufman, George S. (George Simon), 1889-1961, Ferber, Edna, 1887-1968,  O'Neill, Eugene, 1888-1953, Hayes, Joseph, 1918-2006, Goetz, Ruth, Goetz, Augustus, Coward, Noël, 1899-1973, Jennings, John, Maltby, Richard, Jr., 1937-, Shire, David","Virginia, Washington, Abingdon",This is a poster advertising The 48th season of the Barter Theatre with the production of 8 plays.,BTR_BTR_000484,eng,"http://rightsstatements.org/vocab/InC-EDU/1.0/; The original object is the property of the Barter Theatre in Abingdon, VA (https://www.bartertheatre.com/). This digital surrogate is made publicly available by the Barter Theatre for use in research, teaching, private study, and other educational purposes. Responsibility for any use of these materials rests exclusively with the user. When using this item, users should give proper credit to the owner of the original object as well as to Virginia Tech Libraries.","Theater, Theaters--Virginia, Theatrical posters",The Barter Theater Collection,Still Image,image/jpeg,"The Royal Family, Ah, Wilderness!, The Desperate Hours, The Heiress, Blithe Spirit, Berlin to Broadway, Riverwind, Starting Here, Starting Now",Performing arts posters,
The Beaux Stratagem,06-03/06-22,"Barter Theatre (Organization : Abingdon, Va.)","Farquhar, George, 1677?-1707","Virginia, Washington, Abingdon",This is a poster advertising the production of The Beaux Stratagem by the Barter Theater,BTR_BTR_000485,eng,"http://rightsstatements.org/vocab/InC-EDU/1.0/; The original object is the property of the Barter Theatre in Abingdon, VA (https://www.bartertheatre.com/). This digital surrogate is made publicly available by the Barter Theatre for use in research, teaching, private study, and other educational purposes. Responsibility for any use of these materials rests exclusively with the user. When using this item, users should give proper credit to the owner of the original object as well as to Virginia Tech Libraries.","Theater, Theaters--Virginia, Theatrical posters",The Barter Theater Collection,Still Image,image/jpeg,,Performing arts posters,
Barter's Fall Repertory,1977-09-21/1977-10-30,"Barter Theatre (Organization : Abingdon, Va.)","Christie, Agatha, 1890-1976,  Long, Sumner Arthur, 1921-1993","Virginia, Washington, Abingdon",This is a poster of a calendar view of Barter's production of two plays over the course of a month.,BTR_BTR_000486,eng,"http://rightsstatements.org/vocab/InC-EDU/1.0/; The original object is the property of the Barter Theatre in Abingdon, VA (https://www.bartertheatre.com/). This digital surrogate is made publicly available by the Barter Theatre for use in research, teaching, private study, and other educational purposes. Responsibility for any use of these materials rests exclusively with the user. When using this item, users should give proper credit to the owner of the original object as well as to Virginia Tech Libraries.","Theater, Theaters--Virginia, Theatrical posters",The Barter Theater Collection,Still Image,image/jpeg,"The Mousetrap, Never Too Late",Performing arts posters,
Virginia Highlands Festival Attractions,07-14/08-15,"Barter Theatre (Organization : Abingdon, Va.)","Williams, Tennessee, 1911-1983, Wilder, Thornton, 1897-1975, Kaufman, George S. (George Simon), 1889-1961, Hart, Moss, 1904-1961","Virginia, Washington, Abingdon",This is a poster advertising the production of three plays at the Barter Theater.,BTR_BTR_000487,eng,"http://rightsstatements.org/vocab/InC-EDU/1.0/; The original object is the property of the Barter Theatre in Abingdon, VA (https://www.bartertheatre.com/). This digital surrogate is made publicly available by the Barter Theatre for use in research, teaching, private study, and other educational purposes. Responsibility for any use of these materials rests exclusively with the user. When using this item, users should give proper credit to the owner of the original object as well as to Virginia Tech Libraries.","Theater, Theaters--Virginia, Theatrical posters, Advertising postcards",The Barter Theater Collection,Still Image,image/jpeg,"The Matchmaker, The Glass Menagerie, You Can't Take It With You","Posters, Postcards",
45th Season,1977-08-31/1977-10-30,"Barter Theatre (Organization : Abingdon, Va.)","Havens, Sam, Christie, Agatha, 1890-1976,  Long, Sumner Arthur, 1921-1993","Virginia, Washington, Abingdon",This is a poster advertising the 45th Fall Season at The Barter Theatre,BTR_BTR_000489,eng,"http://rightsstatements.org/vocab/InC-EDU/1.0/; The original object is the property of the Barter Theatre in Abingdon, VA (https://www.bartertheatre.com/). This digital surrogate is made publicly available by the Barter Theatre for use in research, teaching, private study, and other educational purposes. Responsibility for any use of these materials rests exclusively with the user. When using this item, users should give proper credit to the owner of the original object as well as to Virginia Tech Libraries.","Theater, Theaters--Virginia, Theatrical posters, Advertising postcards",The Barter Theater Collection,Still Image,image/jpeg,"Bubba, The Mousetrap, Never Too Late","Posters, Postcards",
Playbill for Double Feature,1978-09-06/1978-09-13,"Barter Theatre (Organization : Abingdon, Va.)","Behrman, S. N. (Samuel Nathaniel), 1893-1973, Ayckbourn, Alan, 1939-","Virginia, Washington, Abingdon",This is a playbill for the production of The Second Man and How The Other Half Loves at the Barter Theatre.,BTR_BTR_000491,eng,"http://rightsstatements.org/vocab/InC-EDU/1.0/; The original object is the property of the Barter Theatre in Abingdon, VA (https://www.bartertheatre.com/). This digital surrogate is made publicly available by the Barter Theatre for use in research, teaching, private study, and other educational purposes. Responsibility for any use of these materials rests exclusively with the user. When using this item, users should give proper credit to the owner of the original object as well as to Virginia Tech Libraries.","Theater, Theaters--Virginia, Playbills",The Barter Theater Collection,Still Image,image/jpeg,"The Second Man, How The Other Half Loves",Playbills,
The StoryWeavers and The StoryTeller,1992-08-02,"Barter Theatre (Organization : Abingdon, Va.)",,"Virginia, Washington, Abingdon",This is a poster advertising the StoryWeavers and The StoryTellers as chosen by the Tennessee Arts Commissions,BTR_BTR_000492,eng,"http://rightsstatements.org/vocab/InC-EDU/1.0/; The original object is the property of the Barter Theatre in Abingdon, VA (https://www.bartertheatre.com/). This digital surrogate is made publicly available by the Barter Theatre for use in research, teaching, private study, and other educational purposes. Responsibility for any use of these materials rests exclusively with the user. When using this item, users should give proper credit to the owner of the original object as well as to Virginia Tech Libraries.","Theater, Theaters--Virginia, Theatrical posters, Dramatists",The Barter Theater Collection,Still Image,image/jpeg,,,The Storyweavers are Lucinda Flodin and Dennis Frederick; the Storyteller is Ibe
Wiley and The Hairy Man,08-06,"Barter Theatre (Organization : Abingdon, Va.)","Zeder, Susan","Virginia, Washington, Abingdon",This is a mini playbill for the production of Wiley and The Hairy Man at the Virginia Highlands Festival put on by The First Light Theater at the Barter Theater,BTR_BTR_000493,eng,"http://rightsstatements.org/vocab/InC-EDU/1.0/; The original object is the property of the Barter Theatre in Abingdon, VA (https://www.bartertheatre.com/). This digital surrogate is made publicly available by the Barter Theatre for use in research, teaching, private study, and other educational purposes. Responsibility for any use of these materials rests exclusively with the user. When using this item, users should give proper credit to the owner of the original object as well as to Virginia Tech Libraries.","Theater, Theaters--Virginia, Playbills",The Barter Theater Collection,Still Image,image/jpeg,,Playbills,
Robin Hood,1990,"Barter Theatre (Organization : Abingdon, Va.)","Pisarski, Cathryn, ","Virginia, Washington, Abingdon",This is a mini playbill for the production of Robin Hood at the Barter Youth Stage.,BTR_BTR_000494,eng,"http://rightsstatements.org/vocab/InC-EDU/1.0/; The original object is the property of the Barter Theatre in Abingdon, VA (https://www.bartertheatre.com/). This digital surrogate is made publicly available by the Barter Theatre for use in research, teaching, private study, and other educational purposes. Responsibility for any use of these materials rests exclusively with the user. When using this item, users should give proper credit to the owner of the original object as well as to Virginia Tech Libraries.","Theater, Theaters--Virginia, Playbills, Children's theater",The Barter Theater Collection,Still Image,image/jpeg,,Playbills,
The Robert Porterfield Memorial Fund,,"Barter Theatre (Organization : Abingdon, Va.)",,"Virginia, Washington, Abingdon",This is a flyer proposing and outline a plan to implement The Robert Porterfield Memorial Fund.,BTR_BTR_000495,eng,"http://rightsstatements.org/vocab/InC-EDU/1.0/; The original object is the property of the Barter Theatre in Abingdon, VA (https://www.bartertheatre.com/). This digital surrogate is made publicly available by the Barter Theatre for use in research, teaching, private study, and other educational purposes. Responsibility for any use of these materials rests exclusively with the user. When using this item, users should give proper credit to the owner of the original object as well as to Virginia Tech Libraries.","Theater, Theaters--Virginia, Fund raising",The Barter Theater Collection,Still Image,image/jpeg,,Fliers (Printed matter),
The New York Experience ,,"Barter Theatre (Organization : Abingdon, Va.)",,"New York, New York",This is a brochure advertising New York's Multisensory theater with the Theme of a New York Experience,BTR_BTR_000496,eng,"http://rightsstatements.org/vocab/InC-EDU/1.0/; The original object is the property of the Barter Theatre in Abingdon, VA (https://www.bartertheatre.com/). This digital surrogate is made publicly available by the Barter Theatre for use in research, teaching, private study, and other educational purposes. Responsibility for any use of these materials rests exclusively with the user. When using this item, users should give proper credit to the owner of the original object as well as to Virginia Tech Libraries.","Theater, Theaters--Virginia, Leaflets, Theaters--New York (State)",The Barter Theater Collection,Still Image,image/jpeg,,Brochures,
Oscar's Easter Menu,1978,"Barter Theatre (Organization : Abingdon, Va.)",,,This is card outlining the Oscar's Easter Menu,BTR_BTR_000497,eng,"http://rightsstatements.org/vocab/InC-EDU/1.0/; The original object is the property of the Barter Theatre in Abingdon, VA (https://www.bartertheatre.com/). This digital surrogate is made publicly available by the Barter Theatre for use in research, teaching, private study, and other educational purposes. Responsibility for any use of these materials rests exclusively with the user. When using this item, users should give proper credit to the owner of the original object as well as to Virginia Tech Libraries.","Menus, Menu design, Easter",The Barter Theater Collection,Still Image,image/jpeg,,Menus,
The Wind in The Willows,08-16,"Barter Theatre (Organization : Abingdon, Va.)","Baldwin, Joseph, ","Virginia, Washington, Abingdon",This is a mini playbill for the production ofThe Wind in The Willows at the Barter Youth Stage.,BTR_BTR_000498,eng,"http://rightsstatements.org/vocab/InC-EDU/1.0/; The original object is the property of the Barter Theatre in Abingdon, VA (https://www.bartertheatre.com/). This digital surrogate is made publicly available by the Barter Theatre for use in research, teaching, private study, and other educational purposes. Responsibility for any use of these materials rests exclusively with the user. When using this item, users should give proper credit to the owner of the original object as well as to Virginia Tech Libraries.","Theater, Theaters--Virginia, Playbills, Children's theater",The Barter Theater Collection,Still Image,image/jpeg,,Playbills,
Tom Sawyer,,"Barter Theatre (Organization : Abingdon, Va.)","Kinter, Richard","Virginia, Washington, Abingdon",This is a playbill for the production of Tom Sawyer at the Barter Theatre.,BTR_BTR_000499,eng,"http://rightsstatements.org/vocab/InC-EDU/1.0/; The original object is the property of the Barter Theatre in Abingdon, VA (https://www.bartertheatre.com/). This digital surrogate is made publicly available by the Barter Theatre for use in research, teaching, private study, and other educational purposes. Responsibility for any use of these materials rests exclusively with the user. When using this item, users should give proper credit to the owner of the original object as well as to Virginia Tech Libraries.","Theater, Theaters--Virginia, Playbills",The Barter Theater Collection,Still Image,image/jpeg,,Playbills,
Dangerous Corner,1949-1950,"Barter Theatre (Organization : Abingdon, Va.)","Priestley, J. B. (John Boynton), 1894-1984","Virginia, Washington, Abingdon",This is a playbill for the production of Dangerous Corner at the Barter Theatre.,BTR_BTR_000500,eng,"http://rightsstatements.org/vocab/InC-EDU/1.0/; The original object is the property of the Barter Theatre in Abingdon, VA (https://www.bartertheatre.com/). This digital surrogate is made publicly available by the Barter Theatre for use in research, teaching, private study, and other educational purposes. Responsibility for any use of these materials rests exclusively with the user. When using this item, users should give proper credit to the owner of the original object as well as to Virginia Tech Libraries.","Theater, Theaters--Virginia, Playbills",The Barter Theater Collection,Still Image,image/jpeg,,Playbills,
An Evening with Rita Gardner,1978-07-31,"Barter Theatre (Organization : Abingdon, Va.)","Gardner, Rita, 1955-","Virginia, Washington, Abingdon",This is a mini playbill for the production of An Evening with Rita Gardener at the Virginia Highlands Festival put on by Barter Theater,BTR_BTR_000501,eng,"http://rightsstatements.org/vocab/InC-EDU/1.0/; The original object is the property of the Barter Theatre in Abingdon, VA (https://www.bartertheatre.com/). This digital surrogate is made publicly available by the Barter Theatre for use in research, teaching, private study, and other educational purposes. Responsibility for any use of these materials rests exclusively with the user. When using this item, users should give proper credit to the owner of the original object as well as to Virginia Tech Libraries.","Theater, Theaters--Virginia, Playbills",The Barter Theater Collection,Still Image,image/jpeg,,Playbills,
Bango Dancing ,1992-08-10,"Barter Theatre (Organization : Abingdon, Va.)","Wade, Stephen Eric, 1953-","Virginia, Washington, Abingdon",This is a playbill for the production of Bango Dancing Starring Stephen Wade at the Barter Theatre.,BTR_BTR_000502,eng,"http://rightsstatements.org/vocab/InC-EDU/1.0/; The original object is the property of the Barter Theatre in Abingdon, VA (https://www.bartertheatre.com/). This digital surrogate is made publicly available by the Barter Theatre for use in research, teaching, private study, and other educational purposes. Responsibility for any use of these materials rests exclusively with the user. When using this item, users should give proper credit to the owner of the original object as well as to Virginia Tech Libraries.","Theater, Theaters--Virginia, Playbills",The Barter Theater Collection,Still Image,image/jpeg,,Playbills,Starring Stephen Wade